City_ID,City,Lat,Lng,Max Temp,Humidity,Cloudiness,Wind Speed,Country,Date
0,egilsstadir,65.2653,-14.3948,5.95,70,75,2.06,IS,1715635396
1,victoria falls,-17.9235,25.843,20.74,51,66,1.88,ZW,1715635397
2,port-aux-francais,-49.35,70.2167,2.76,99,100,15.03,TF,1715635397
3,kingston,17.997,-76.7936,31.76,70,20,11.83,JM,1715634727
4,ranau,5.9538,116.6641,21.39,98,18,0.31,MY,1715635397
5,arteche,12.2645,125.4048,26.02,88,36,1.94,PH,1715635397
6,adamstown,-25.066,-130.1015,20.98,73,0,2.02,PN,1715635398
7,yellowknife,62.456,-114.3525,15.23,53,100,8.75,CA,1715635398
8,duzce,40.8389,31.1639,5.59,95,20,1.22,TR,1715635398
9,hilo,19.7297,-155.09,29.04,78,40,5.14,US,1715635374
10,atafu village,-8.5421,-172.5159,29.33,75,80,6.74,TK,1715635399
11,hamilton,39.1834,-84.5333,27.55,44,20,6.17,US,1715635202
12,zyrya,40.3661,50.2917,13.05,71,62,11.54,AZ,1715635399
13,jianshui,23.6363,102.8264,17.4,93,100,0.98,CN,1715635399
14,port alfred,-33.5906,26.891,17.88,93,45,2.68,ZA,1715635400
15,balotra,25.8333,72.2333,31.82,37,18,6.91,IN,1715635400
16,bamboo flat,11.7,92.7167,27.76,80,100,1.2,IN,1715635400
17,albany,42.6001,-73.9662,18.23,61,100,1.67,US,1715635151
18,grytviken,-54.2811,-36.5092,-6.25,76,42,5.35,GS,1715635401
19,qaqortoq,60.7167,-46.0333,3.47,73,43,1.32,GL,1715635401
20,pisco,-13.7,-76.2167,21.03,78,0,4.12,PE,1715635401
21,hawaiian paradise park,19.5933,-154.9731,28.26,79,40,5.14,US,1715635401
22,yanykurgan,43.915,67.2481,23.65,39,94,9.07,KZ,1715635402
23,cimitarra,6.3142,-73.9497,34.25,51,100,1.22,CO,1715635402
24,puerto natales,-51.7236,-72.4875,5.25,56,0,8.23,CL,1715635148
25,blackmans bay,-43.0167,147.3167,9.29,79,79,1.34,AU,1715635402
26,novyy urengoy,66.0833,76.6333,-1.37,93,100,9.28,RU,1715635403
27,waitangi,-43.9535,-176.5597,10.46,87,40,0.89,NZ,1715635403
28,turkmenbasy,40.0222,52.9552,13.43,82,0,5.14,TM,1715635403
29,ola,59.5833,151.2833,3.97,92,100,2.92,RU,1715635403
30,meraux,29.933,-89.9498,24.44,78,100,5.14,US,1715635403
31,iqaluit,63.7506,-68.5145,-6.15,57,20,6.17,CA,1715635270
32,diapaga,12.0708,1.7889,29.81,51,93,1.15,BF,1715635404
33,udachny,66.4167,112.4,-0.31,71,60,3.04,RU,1715635404
34,shimoda,34.6667,138.95,13.95,87,100,8.07,JP,1715635404
35,tsiombe,-25.3,45.4833,21.38,91,7,4.0,MG,1715635404
36,aasiaat,68.7098,-52.8699,-3.2,77,100,4.51,GL,1715635405
37,port elizabeth,-33.918,25.5701,19.5,92,100,6.69,ZA,1715635405
38,ilulissat,69.2167,-51.1,-2.99,93,75,3.09,GL,1715635405
39,whitehorse,60.7161,-135.0538,9.34,32,100,3.6,CA,1715635405
40,papatowai,-46.5619,169.4708,6.98,85,12,1.97,NZ,1715635405
41,bafq,31.6128,55.4107,29.18,18,69,4.13,IR,1715635406
42,lorengau,-2.0226,147.2712,27.74,85,100,3.28,PG,1715635406
43,kwale,5.7063,6.4374,24.07,88,100,0.43,NG,1715635406
44,peace river,56.2501,-117.286,19.17,25,75,7.2,CA,1715635406
45,stanley,54.868,-1.6985,16.77,73,0,2.06,GB,1715635178
46,yuktae-dong,40.0247,128.1597,13.49,69,12,3.14,KP,1715635407
47,edinburgh of the seven seas,-37.0676,-12.3116,13.91,59,41,9.05,SH,1715635407
48,bethel,41.3712,-73.414,19.75,61,75,4.12,US,1715635262
49,kantunilkin,21.0917,-87.45,35.23,36,100,4.48,MX,1715635407
50,homer,59.6425,-151.5483,8.94,76,40,3.58,US,1715635407
51,tiksi,71.6872,128.8694,-10.29,96,99,0.77,RU,1715635408
52,invercargill,-46.4,168.35,3.9,98,19,0.45,NZ,1715635408
53,college,64.8569,-147.8028,13.03,51,75,4.12,US,1715635408
54,san antonio de pale,-1.4014,5.6325,26.94,85,58,3.07,GQ,1715635408
55,richards bay,-28.783,32.0377,19.54,91,67,1.33,ZA,1715635409
56,paphos,34.7667,32.4167,16.88,82,20,2.06,CY,1715635409
57,codrington,-38.2667,141.9667,12.64,69,100,3.67,AU,1715635409
58,kuruman,-27.4524,23.4325,17.72,48,28,2.39,ZA,1715635409
59,bilibino,68.0546,166.4372,-2.77,87,100,1.93,RU,1715635410
60,klyuchi,52.2667,79.1667,13.92,39,6,3.89,RU,1715635410
61,tejen,37.3834,60.5054,26.53,42,100,11.34,TM,1715635410
62,panama city beach,30.1766,-85.8055,20.01,96,75,5.66,US,1715635300
63,constantia,44.1833,28.65,6.5,76,7,5.13,RO,1715635410
64,west island,-12.1568,96.8225,26.99,83,40,4.12,CC,1715635411
65,neyshabur,36.2133,58.7958,26.45,17,99,8.8,IR,1715635411
66,enewetak,11.3474,162.3373,27.71,75,86,7.37,MH,1715635276
67,saint-joseph,-21.3667,55.6167,22.21,76,34,3.37,RE,1715635411
68,bredasdorp,-34.5322,20.0403,13.47,92,97,2.29,ZA,1715635412
69,bueng kan,18.363,103.6519,25.13,93,100,1.68,TH,1715635412
70,lata,40.1629,-8.3327,13.29,96,55,1.59,PT,1715635413
71,bikenibeu village,1.3673,173.1241,28.98,89,20,3.6,KI,1715635413
72,jamestown,42.097,-79.2353,24.18,46,20,4.12,US,1715635193
73,whangarei,-35.7317,174.3239,13.83,70,100,0.47,NZ,1715635414
74,sangolqui,-0.3341,-78.4522,19.27,91,98,1.59,EC,1715635414
75,mata-utu,-13.2816,-176.1745,28.7,78,100,8.63,WF,1715635414
76,olonkinbyen,70.9221,-8.7187,0.63,95,100,2.09,SJ,1715635415
77,san julian,21.0167,-102.1667,31.36,12,0,7.49,MX,1715635415
78,praia da vitoria,38.7333,-27.0667,17.14,72,75,4.44,PT,1715635415
79,tolanaro,-25.0319,46.9987,21.04,94,75,7.2,MG,1715635415
80,salacgriva,57.7536,24.3581,9.85,68,100,1.72,LV,1715635415
81,qiqihar,47.3408,123.9672,8.29,59,34,6.03,CN,1715635416
82,baruun-urt,46.6806,113.2792,5.85,28,2,8.88,MN,1715635416
83,ribeira brava,32.65,-17.0667,20.35,68,2,0.95,PT,1715635416
84,portland,45.5234,-122.6762,23.28,54,75,4.12,US,1715634904
85,ushuaia,-54.8,-68.3,4.81,70,40,16.46,AR,1715635262
86,alvear,-29.0968,-56.5504,13.19,75,100,5.1,AR,1715635417
87,wau,7.7029,27.9953,26.27,71,91,2.66,SS,1715635417
88,east london,-33.0153,27.9116,19.89,84,99,8.13,ZA,1715635417
89,pont rouge,48.8833,-72.0825,12.16,90,100,3.99,CA,1715635417
90,turan,16.0678,108.2208,27.99,78,40,1.03,VN,1715635411
91,rusera,25.75,86.0333,31.14,48,64,3.28,IN,1715635418
92,bardai,11.65,7.2333,29.86,46,74,5.37,NG,1715635418
93,hammerfest,70.6634,23.6821,6.25,93,75,1.54,NO,1715635418
94,saipan,15.1355,145.701,29.39,74,20,4.12,MP,1715635419
95,antsiranana,-12.2787,49.2917,26.33,68,100,6.03,MG,1715635419
96,kerikeri,-35.2268,173.9474,14.19,64,100,1.49,NZ,1715635419
97,margaret river,-33.95,115.0667,16.4,41,26,4.01,AU,1715635419
98,port mathurin,-19.6833,63.4167,24.99,62,10,5.96,MU,1715635419
99,santa cruz,-17.8,-63.1667,16.03,82,100,6.17,BO,1715635127
100,vila velha,-20.3297,-40.2925,27.97,74,0,6.17,BR,1715635128
101,araguaina,-7.1911,-48.2072,27.91,71,75,0.25,BR,1715635240
102,minas de marcona,-15.2119,-75.1103,18.65,58,2,7.55,PE,1715635420
103,colonia,50.9333,6.95,19.98,73,0,2.57,DE,1715635254
104,daru,-9.0763,143.2092,26.19,78,67,5.42,PG,1715635421
105,yacuiba,-22.038,-63.6797,12.31,79,100,2.11,BO,1715635421
106,thunder bay,48.4001,-89.3168,13.99,41,40,4.63,CA,1715635319
107,usogorsk,63.4106,48.6872,-5.19,97,100,2.42,RU,1715635422
108,murzuq,25.9155,13.9184,26.07,18,0,4.69,LY,1715635422
109,okha,53.5739,142.9478,0.14,85,100,1.34,RU,1715635422
110,vilyuchinsk,52.9306,158.4028,3.15,98,100,0.4,RU,1715635423
111,isafjordur,66.0755,-23.124,1.18,67,17,2.09,IS,1715635218
112,nova sintra,14.8667,-24.7167,24.2,77,22,9.65,CV,1715635423
113,georgetown,5.4112,100.3354,27.97,84,20,1.03,MY,1715635239
114,yuzhno-kurilsk,44.0306,145.8556,8.54,100,44,1.47,RU,1715635424
115,coracora,-15.0333,-73.7833,14.98,57,38,2.44,PE,1715635424
116,obong,9.741,123.5098,25.21,88,71,3.42,PH,1715635424
117,puerto ayora,-0.7393,-90.3518,28.98,93,61,2.24,EC,1715635424
118,cidreira,-30.1811,-50.2056,16.83,70,100,7.42,BR,1715635425
119,chanasma,23.7167,72.1167,29.92,44,100,3.75,IN,1715635425
120,lebu,-37.6167,-73.65,10.07,71,4,4.45,CL,1715635208
121,thompson,55.7435,-97.8558,9.09,49,20,1.54,CA,1715635425
122,sambhar,26.9167,75.2,31.11,14,82,1.98,IN,1715635426
123,broken hill,-31.95,141.4333,12.47,73,95,2.97,AU,1715635158
124,challapata,-18.9,-66.7667,17.17,30,0,3.73,BO,1715635426
125,alaghsas,17.0187,8.0168,33.34,15,47,2.13,NE,1715635426
126,bhimunipatnam,17.8833,83.4333,25.73,78,89,3.19,IN,1715635427
127,sao jose da coroa grande,-8.8978,-35.1478,26.75,80,19,2.8,BR,1715635427
128,mount pearl,47.5166,-52.7813,9.42,92,100,2.57,CA,1715635427
129,saldanha,-33.0117,17.9442,14.03,60,64,3.75,ZA,1715635427
130,martapura,-3.4167,114.85,27.05,94,100,2.06,ID,1715635427
131,port-vila,-17.7338,168.3219,23.78,94,40,0.51,VU,1715635428
132,anadyr,64.75,177.4833,2.28,80,0,3.0,RU,1715635428
133,lubang,13.8584,120.124,29.83,73,94,3.89,PH,1715635428
134,sikonge,-5.6333,32.7667,19.69,68,98,1.77,TZ,1715635428
135,tralee,52.2704,-9.7026,10.97,94,97,1.07,IE,1715635428
136,keflavik,64.0049,-22.5624,6.95,75,75,8.23,IS,1715635429
137,coari,-4.085,-63.1414,28.74,74,81,1.02,BR,1715635429
138,afaahiti,-17.75,-149.2833,28.93,74,43,7.97,PF,1715635395
139,turpan,42.9333,89.1667,30.28,23,100,0.37,CN,1715635430
140,iskateley,67.6803,53.1512,-4.43,94,80,3.58,RU,1715635430
141,talnakh,69.4865,88.3972,-2.11,95,99,2.73,RU,1715635430
142,luderitz,-26.6481,15.1594,17.52,60,2,1.48,NA,1715635430
143,flying fish cove,-10.4217,105.6791,25.82,94,100,3.6,CX,1715635431
144,rawson,-43.3002,-65.1023,8.21,54,35,6.58,AR,1715635431
145,mount isa,-20.7333,139.5,11.87,71,0,2.57,AU,1715635431
146,pratt,37.6439,-98.7376,23.34,49,0,6.69,US,1715635184
147,tacna,-18.0056,-70.2483,18.11,68,0,5.14,PE,1715635176
148,happy valley-goose bay,53.3168,-60.3315,13.17,50,40,5.14,CA,1715635432
149,namibe,-15.1961,12.1522,21.85,84,68,0.5,AO,1715635432
150,bredy,52.4153,60.3411,2.48,81,98,5.52,RU,1715635432
151,rampachodavaram,17.45,81.7667,25.87,77,90,0.83,IN,1715635433
152,shenjiamen,29.9576,122.298,14.64,67,7,1.02,CN,1715635433
153,parambu,-6.2111,-40.6944,25.44,60,15,2.15,BR,1715635433
154,dolni chiflik,42.9833,27.7167,8.12,90,1,1.54,BG,1715635433
155,ribeira grande,38.5167,-28.7,17.22,72,20,6.17,PT,1715635434
156,kurumkan,54.3,110.3,4.51,48,8,2.68,RU,1715635434
157,lihue,21.9789,-159.3672,27.58,73,40,4.63,US,1715635434
158,mount gambier,-37.8333,140.7667,8.1,84,21,0.82,AU,1715635435
159,namtsy,62.7161,129.6658,2.36,67,98,4.09,RU,1715635435
160,tarija,-21.5355,-64.7296,10.95,66,100,3.09,BO,1715635435
161,gavle,60.6745,17.1417,12.99,77,54,2.34,SE,1715635435
162,polyarnyy,69.1989,33.4478,0.12,98,95,4.09,RU,1715635436
163,zhangjiajie,29.1294,110.4783,17.52,79,3,1.56,CN,1715635436
164,antofagasta,-23.65,-70.4,14.6,84,87,3.29,CL,1715635285
165,petropavlovsk-kamchatsky,53.0452,158.6483,2.33,99,100,0.89,RU,1715635436
166,kitimat,54.0524,-128.6534,13.84,64,99,0.89,CA,1715635436
167,taro,-8.3862,115.28,23.0,94,100,0.84,ID,1715635437
168,chonchi,-42.6128,-73.8092,9.56,80,5,1.3,CL,1715635437
169,port lincoln,-34.7333,135.8667,13.91,84,93,2.68,AU,1715635437
170,longyearbyen,78.2186,15.6401,-1.09,74,0,1.54,SJ,1715635437
171,traverse city,44.7631,-85.6206,19.91,53,75,5.14,US,1715635259
172,kodinar,20.7903,70.7031,28.97,65,33,3.52,IN,1715635438
173,vicosa do ceara,-3.5622,-41.0922,21.16,93,75,1.15,BR,1715635438
174,matamey,13.4231,8.4749,34.08,23,35,3.07,NE,1715635438
175,port moresby,-9.4431,147.1797,23.68,88,40,2.57,PG,1715635439
176,utrik,11.2278,169.8474,27.49,81,49,8.49,MH,1715635439
177,nabire,-3.3667,135.4833,24.79,93,100,1.31,ID,1715635439
178,hermanus,-34.4187,19.2345,15.45,83,71,4.27,ZA,1715635440
179,egremont,54.4794,-3.5276,15.26,83,100,8.15,GB,1715635440
180,wailua homesteads,22.0669,-159.378,27.24,76,40,4.63,US,1715635440
181,omdurman,15.6445,32.4777,37.91,9,8,9.83,SD,1715635441
182,talavera de la reina,39.9635,-4.8308,18.0,73,23,9.27,ES,1715635441
183,broome,42.2506,-75.833,20.89,68,100,3.6,US,1715635441
184,grand-lahou,5.1367,-5.0242,26.46,88,100,3.39,CI,1715635441
185,arkhangel'sk,64.5401,40.5433,0.07,100,20,1.0,RU,1715635442
186,dudinka,69.4058,86.1778,-1.85,98,100,3.58,RU,1715635442
187,ouro preto do oeste,-10.7481,-62.2158,28.2,86,33,0.7,BR,1715635417
188,new norfolk,-42.7826,147.0587,9.95,77,100,3.41,AU,1715635442
189,mejit,10.2753,170.8646,27.72,82,58,8.67,MH,1715635276
190,arraial do cabo,-22.9661,-42.0278,27.92,57,0,1.54,BR,1715635207
191,punta arenas,-53.15,-70.9167,5.06,65,0,7.2,CL,1715635443
192,pesqueira,-8.3578,-36.6964,21.27,78,29,2.86,BR,1715635443
193,sosnovka,56.255,51.2842,-1.52,91,13,1.7,RU,1715635444
194,banket,-17.3833,30.4,17.96,43,74,2.93,ZW,1715635444
195,harstad,68.799,16.5293,10.9,72,100,7.6,NO,1715635444
196,avarua,-21.2078,-159.775,24.03,88,75,3.09,CK,1715635445
197,roha,18.4333,73.1167,28.18,71,82,1.65,IN,1715635445
198,swift current,50.2834,-107.8014,18.45,52,0,4.63,CA,1715635445
199,kadayanallur,9.0833,77.35,27.28,82,98,1.04,IN,1715635445
200,al jawf,29.5,38.75,20.58,32,0,7.09,SA,1715635446
201,fale old settlement,-9.3852,-171.2468,29.8,73,100,7.13,TK,1715635446
202,les cayes,18.2,-73.75,29.23,69,8,4.4,HT,1715635446
203,labytnangi,66.6572,66.4183,-6.46,86,100,2.83,RU,1715635447
204,khuzdar,27.7384,66.6434,25.28,31,0,1.74,PK,1715635447
205,lazaro cardenas,17.9583,-102.2,29.36,54,96,6.84,MX,1715635437
206,santiago de cao,-7.9589,-79.2392,18.07,88,40,4.63,PE,1715635447
207,dwarka,22.2394,68.9678,27.95,75,0,2.59,IN,1715635448
208,kodiak,57.79,-152.4072,7.73,76,100,4.12,US,1715635158
209,olinda,-8.0089,-34.8553,27.85,89,20,4.12,BR,1715635415
210,kiruna,67.8557,20.2251,6.51,76,100,3.09,SE,1715635448
211,nantucket,41.2835,-70.0995,15.56,76,0,3.09,US,1715635278
212,teknaf,20.8624,92.3058,26.17,83,3,1.15,BD,1715635449
213,nemuro,43.3236,145.575,8.37,85,77,2.58,JP,1715635449
214,winnemucca,40.973,-117.7357,28.03,17,0,7.72,US,1715635384
215,charters towers,-20.1,146.2667,17.59,87,0,3.05,AU,1715635449
216,kununurra,-15.7667,128.7333,20.99,73,30,2.06,AU,1715635450
217,pierre,44.3683,-100.351,24.36,27,0,4.63,US,1715635450
218,capitao poco,-1.7464,-47.0594,24.71,94,100,2.63,BR,1715635450
219,kuala tungkal,-0.8167,103.4667,24.91,94,100,1.69,ID,1715635450
220,tura,25.5198,90.2201,24.96,65,7,1.52,IN,1715635451
221,nikolayevsk-on-amure,53.1406,140.73,0.68,93,63,0.45,RU,1715635451
222,bathsheba,13.2167,-59.5167,30.34,74,20,7.2,BB,1715635451
223,jian'ou,27.0469,118.3253,15.9,91,88,0.76,CN,1715635451
224,port saint john's,-31.6229,29.5448,20.12,87,93,3.23,ZA,1715635451
225,kananga,-5.8958,22.4178,22.3,84,90,2.06,CD,1715635452
226,kapa'a,22.0752,-159.319,27.99,75,40,4.63,US,1715635452
227,camalu,30.85,-116.0667,17.97,71,97,5.35,MX,1715635452
228,dunedin,-45.8742,170.5036,7.67,91,0,1.95,NZ,1715635453
229,astravyets,54.6138,25.9554,10.14,65,99,1.91,BY,1715635453
230,dongola,19.1667,30.4833,30.83,15,0,8.81,SD,1715635453
231,kaa-khem,51.6833,94.7333,11.89,44,14,2.86,RU,1715635453
232,laojunmiao,39.8333,97.7333,16.08,15,0,2.94,CN,1715635454
233,lida,53.8833,25.2997,11.16,65,100,2.35,BY,1715635454
234,khovd,48.0056,91.6419,12.34,47,98,1.13,MN,1715635454
235,badger,64.8,-147.5333,12.98,46,100,4.12,US,1715635454
236,tucumcari,35.1717,-103.725,25.52,25,40,5.66,US,1715635455
237,howard springs,-12.497,131.047,25.95,91,1,2.62,AU,1715635455
238,tajiri,34.4043,135.278,13.02,82,20,3.6,JP,1715635455
239,loreto,22.2667,-101.9667,30.5,11,58,7.6,MX,1715635455
240,kingscliff,-28.2667,153.5667,14.89,100,0,1.54,AU,1715635456
241,manokwari,-0.8667,134.0833,25.72,81,83,1.78,ID,1715635456
242,watampone,-4.5386,120.3279,24.37,92,38,1.49,ID,1715635456
243,chikwawa,-16.0335,34.8009,22.17,72,6,2.53,MW,1715635279
244,hithadhoo,-0.6,73.0833,29.07,74,100,3.95,MV,1715635457
245,algona,43.07,-94.233,22.05,30,0,7.72,US,1715635457
246,geraldton,-28.7667,114.6,17.23,77,40,1.54,AU,1715635457
247,albertina,-22.2008,-46.6158,19.23,39,0,1.16,BR,1715635457
248,nova xavantina,-14.6667,-52.35,26.37,57,8,1.4,BR,1715635458
249,westport,41.1415,-73.3579,19.69,62,0,5.14,US,1715635221
250,kargopol',61.5071,38.9456,-1.31,95,66,1.82,RU,1715635458
251,socorro,31.6546,-106.3033,31.77,10,40,3.6,US,1715635458
252,khanty-mansiysk,61.0042,69.0019,0.06,69,0,0.0,RU,1715635458
253,shirdi,19.7667,74.4833,28.91,42,27,5.68,IN,1715635459
254,puerto madryn,-42.7692,-65.0385,8.51,53,32,5.43,AR,1715634881
255,brookings,44.3114,-96.7984,22.19,38,0,3.6,US,1715635362
256,balabac,7.9868,117.0645,26.89,86,70,3.89,PH,1715635456
257,el idrissia,34.4454,2.5275,21.75,45,73,1.25,DZ,1715635460
258,maceio,-9.6658,-35.7353,26.69,89,75,1.54,BR,1715635372
259,hirara,24.8,125.2833,23.15,78,100,7.2,JP,1715635460
260,magadan,59.5667,150.8,3.63,93,100,1.95,RU,1715635460
261,nianzishan,47.5167,122.8833,8.73,57,19,3.5,CN,1715635461
262,chernyshevskiy,63.0128,112.4714,2.38,92,100,3.41,RU,1715635461
263,chifeng,42.2683,118.9636,15.46,56,95,1.87,CN,1715635358
264,alofi,-19.0595,-169.9187,26.94,78,100,8.23,NU,1715635461
265,akureyri,65.6835,-18.0878,3.96,81,100,4.12,IS,1715635462
266,kaitong,44.8135,123.15,16.39,49,100,4.33,CN,1715635462
267,limon,10.0,-83.0333,28.36,89,100,2.06,CR,1715635462
268,karratha,-20.7377,116.8463,23.78,75,0,2.61,AU,1715635463
269,susuman,62.7833,148.1667,-0.01,84,100,3.58,RU,1715635463
270,mirny,62.5353,113.9611,1.24,99,100,1.79,RU,1715635463
271,ormara,25.2088,64.6357,27.8,80,0,1.32,PK,1715635463
272,ruteng,-8.6136,120.4721,16.24,93,13,0.85,ID,1715635464
273,jaguaruna,-28.615,-49.0256,17.24,88,100,7.64,BR,1715635464
274,aberdeen,57.1437,-2.0981,11.78,94,100,3.6,GB,1715635179
275,kievka,50.2619,71.5514,17.37,44,64,7.22,KZ,1715635464
276,san patricio,28.017,-97.5169,29.36,49,34,4.89,US,1715635465
277,st. john's,47.5649,-52.7093,9.88,92,100,2.57,CA,1715635322
278,luganville,-15.5333,167.1667,25.92,84,100,3.9,VU,1715635465
279,chamalieres,45.7756,3.0631,17.4,68,0,6.69,FR,1715635177
280,fortaleza,-3.7227,-38.5247,30.04,89,40,4.63,BR,1715635411
281,waitara,-38.925,174.25,13.05,84,99,2.65,NZ,1715635466
282,vorgashor,67.5833,63.95,-5.11,85,95,3.61,RU,1715635466
283,saint-georges,12.0564,-61.7485,29.82,74,40,6.17,GD,1715635465
284,bel ombre,-4.6167,55.4167,28.91,79,20,2.57,SC,1715635466
285,poronaysk,49.2167,143.1167,4.54,85,59,1.72,RU,1715635467
286,puerto san jose,13.9256,-90.8244,32.03,58,75,4.12,GT,1715635467
287,liberty,31.8335,-81.5004,22.06,47,75,4.12,US,1715635306
288,byron bay,-28.65,153.6167,13.73,79,38,3.9,AU,1715635467
289,la vega,19.2221,-70.5296,34.47,59,2,3.81,DO,1715635321
290,morehead city,34.7229,-76.726,23.01,70,0,4.12,US,1715635468
291,markala,13.7021,-6.0659,37.85,23,69,6.26,ML,1715635468
292,zelenogorskiy,55.0333,87.0,8.72,70,0,1.24,RU,1715635468
293,gisborne,-38.6533,178.0042,11.14,68,68,2.84,NZ,1715635468
294,ust'-kulom,61.6864,53.6902,-3.03,96,80,2.46,RU,1715635469
295,porto novo,6.4965,2.6036,28.9,81,100,3.09,BJ,1715635469
296,tondano,1.3038,124.9112,20.05,96,66,0.29,ID,1715635469
297,salinopolis,-0.6136,-47.3561,27.19,84,76,4.3,BR,1715635469
298,wakkanai,45.4094,141.6739,8.38,89,6,9.34,JP,1715635470
299,rudbar,30.15,62.6,29.96,10,8,4.39,AF,1715635470
300,cabo san lucas,22.8909,-109.9124,30.9,50,0,3.6,MX,1715635470
301,vila franca do campo,37.7167,-25.4333,16.23,78,24,3.52,PT,1715635470
302,sidhi,24.4167,81.8833,31.53,26,54,1.3,IN,1715635471
303,sao joao dos inhamuns,-6.0,-40.2833,27.5,52,11,5.04,BR,1715635471
304,fort st. john,56.2499,-120.8529,15.94,25,75,6.69,CA,1715635471
305,dolores,-36.3132,-57.6792,8.46,71,65,3.05,AR,1715635471
306,tabuk,17.4189,121.4443,23.91,92,35,1.16,PH,1715635471
307,lautoka,-17.6167,177.4667,23.92,83,75,1.54,FJ,1715635472
308,arauco,-37.2463,-73.3175,9.28,72,1,0.83,CL,1715635472
309,lauro de freitas,-12.8944,-38.3272,28.01,74,0,2.06,BR,1715635183
310,la'ie,21.6477,-157.9253,27.98,82,11,1.34,US,1715635472
311,lompoc,34.6391,-120.4579,24.27,78,100,4.63,US,1715635473
312,medina de rioseco,41.8833,-5.0441,12.47,93,100,5.42,ES,1715635473
313,coyhaique,-45.5752,-72.0662,5.34,70,0,2.57,CL,1715635473
314,lecheng,25.1238,113.3254,17.47,81,0,0.24,CN,1715635473
315,totness,5.8833,-56.3167,27.87,74,69,4.34,SR,1715635474
316,olbia,40.9214,9.4856,18.03,88,0,1.03,IT,1715635474
317,usinsk,65.9939,57.5281,-3.29,94,100,6.71,RU,1715635474
318,merowe,18.4833,31.8167,32.15,14,3,10.36,SD,1715635474
319,uturoa,-16.7333,-151.4333,27.58,78,52,8.68,PF,1715635475
320,morden,49.1919,-98.1014,15.6,44,92,4.12,CA,1715635211
321,kavalerovo,44.2661,135.0572,11.97,76,84,1.34,RU,1715635475
322,ryotsu-minato,38.0833,138.4333,10.9,79,7,1.94,JP,1715635475
323,ilek,51.5271,53.3831,4.69,69,20,3.43,RU,1715635476
324,islamkot,24.6997,70.177,27.57,65,0,4.04,PK,1715635456
325,tual,-5.6667,132.75,28.07,80,55,8.69,ID,1715635476
326,amga,60.8953,131.9608,4.39,73,100,1.24,RU,1715635476
327,aldama,22.9167,-98.0667,31.0,46,83,7.71,MX,1715635476
328,abaza,52.655,90.0928,9.63,80,99,1.37,RU,1715635477
329,qorveh,35.1664,47.8045,10.69,74,1,5.92,IR,1715635465
330,moyynkum,44.2914,72.9469,18.69,56,66,3.92,KZ,1715635477
331,ciudad tula,23.0,-99.7167,38.54,9,74,3.73,MX,1715635477
332,gadzhiyevo,69.2551,33.3362,0.45,99,94,4.02,RU,1715635478
333,agbabu,6.5886,4.8343,24.67,95,100,0.26,NG,1715635478
334,chihuahua,28.5,-106.0,27.89,8,0,1.09,MX,1715634980
335,winterset,41.3308,-94.0138,18.65,97,100,4.66,US,1715635478
336,ha'il,27.5219,41.6907,24.01,27,0,1.03,SA,1715635478
337,freetown,8.484,-13.2299,27.84,78,40,6.17,SL,1715635479
338,mana,5.6592,-53.7767,26.79,80,89,4.92,GF,1715635479
339,lyantor,61.6195,72.1555,-0.27,78,100,4.9,RU,1715635479
340,quatre cocos,-20.2078,57.7625,24.49,73,99,6.43,MU,1715635479
341,tarawa,1.419,172.984,29.05,89,20,3.6,KI,1715635480
342,sao vicente,-23.9631,-46.3919,33.1,43,0,1.54,BR,1715635480
343,tweed heads,-28.1817,153.547,15.02,97,0,1.54,AU,1715635480
344,altay,47.8667,88.1167,15.74,46,100,1.5,CN,1715635189
345,karlsfeld,48.2167,11.4667,14.72,87,0,2.14,DE,1715635481
346,markovo,57.3206,107.0881,3.59,54,58,2.17,RU,1715635481
347,prince albert,53.2001,-105.7677,16.97,34,75,5.66,CA,1715635481
348,aldinga beach,-35.2793,138.4604,13.15,91,79,3.01,AU,1715635481
349,den burg,53.0542,4.7972,17.98,90,14,3.6,NL,1715635482
350,greenville,35.6127,-77.3663,25.09,53,75,4.12,US,1715635320
351,nyurba,63.2842,118.3319,-0.25,95,100,1.63,RU,1715635482
352,waddan,29.1614,16.139,25.37,21,0,5.37,LY,1715635482
353,la passe,45.5549,-0.8967,15.13,94,100,6.79,FR,1715635482
354,chibougamau,49.9168,-74.3659,9.79,100,100,3.09,CA,1715635483
355,mujiayingzi,42.1167,118.7833,13.77,61,47,1.91,CN,1715635483
356,padangsidempuan,1.3667,99.2667,23.13,98,100,0.49,ID,1715635483
357,greymouth,-42.4667,171.2,8.58,87,100,2.66,NZ,1715635483
358,saudarkrokur,65.7461,-19.6394,1.44,98,100,3.94,IS,1715635484
359,ceyrat,45.7318,3.0633,16.35,68,0,6.69,FR,1715635484
360,mersa matruh,31.3525,27.2453,18.36,75,0,4.09,EG,1715635484
361,cortina d'ampezzo,46.5384,12.1377,9.76,96,100,0.24,IT,1715635485
362,sisimiut,66.9395,-53.6735,-1.1,98,100,3.36,GL,1715635485
363,aral,40.5156,81.2636,24.98,44,100,7.91,CN,1715635485
364,torghay,49.6339,63.4981,11.89,78,12,6.55,KZ,1715635486
365,lepsy,46.235,78.9456,14.17,63,0,1.68,KZ,1715635486
366,correntina,-13.3433,-44.6367,28.46,47,100,1.9,BR,1715635486
367,cururupu,-1.8283,-44.8683,25.55,88,18,1.03,BR,1715635487
368,ramos arizpe,25.55,-100.9667,33.4,19,40,6.17,MX,1715635487
369,contamana,-7.3333,-75.0167,33.61,47,77,2.72,PE,1715635395
370,sabang,5.8933,95.3214,29.2,75,100,3.27,ID,1715635488
371,kavaratti,10.5669,72.642,29.83,74,96,3.27,IN,1715635488
372,portarlington,53.1622,-7.1911,11.14,88,74,2.68,IE,1715635488
373,almeria,37.1667,-2.3333,21.35,56,100,0.92,ES,1715635489
374,martinsville,36.6915,-79.8725,22.47,51,0,2.06,US,1715635460
375,palu,-0.8917,119.8707,24.51,97,42,1.3,ID,1715635489
376,tommot,58.9564,126.2925,0.64,95,88,3.36,RU,1715635490
377,kavieng,-2.5744,150.7967,27.62,86,100,7.93,PG,1715635490
378,port hedland,-20.3167,118.5667,19.03,94,0,3.09,AU,1715635490
379,ta`u,-14.2336,-169.5144,28.64,75,92,8.19,AS,1715635490
380,pocatello,42.8713,-112.4455,23.43,33,0,6.26,US,1715635490
381,nizhneudinsk,54.9076,99.0276,6.82,63,9,1.87,RU,1715635491
382,kovdor,67.5662,30.4758,1.06,100,100,1.83,RU,1715635491
383,jiagedaqi,50.4167,124.1167,4.07,73,63,3.28,CN,1715635491
384,lobito,-12.3481,13.5456,24.73,86,34,1.46,AO,1715635491
385,luis correia,-2.8792,-41.6669,29.0,79,75,3.6,BR,1715635492
386,gordonvale,-17.0936,145.7842,23.88,100,96,1.96,AU,1715635492
387,severo-yeniseyskiy,60.3725,93.0408,9.21,56,100,4.02,RU,1715635492
388,malazgirt,39.1427,42.5401,7.63,80,99,0.38,TR,1715635492
389,margate,51.3813,1.3862,15.17,88,55,0.89,GB,1715635485
390,cuatro cienegas de carranza,26.9833,-102.0833,35.36,5,0,3.41,MX,1715635493
391,khandyga,62.6667,135.6,2.56,54,52,1.9,RU,1715635493
392,tutong,4.8,114.65,27.05,94,93,2.17,BN,1715635493
393,itoman,26.1247,127.6694,22.01,86,75,3.6,JP,1715635408
394,al qutayfah,33.7385,36.6007,14.72,48,0,1.53,SY,1715635493
395,farafangana,-22.8167,47.8333,21.8,86,21,1.51,MG,1715635494
396,katabu,-4.9333,122.5167,23.64,95,14,1.23,ID,1715635494
397,saint-pierre,-21.3393,55.4781,22.82,60,20,3.6,RE,1715635494
398,fortuna,40.5982,-124.1573,16.1,89,20,6.17,US,1715635494
399,khuldabad,20.05,75.1833,28.17,44,60,6.07,IN,1715635495
400,astrakhan,46.3497,48.0408,9.93,57,0,2.0,RU,1715635495
401,sambava,-14.2667,50.1667,23.65,89,72,5.47,MG,1715635495
402,beruniy,41.6911,60.7525,24.98,44,100,6.17,UZ,1715635495
403,nuku'alofa,-21.1333,-175.2,25.19,69,20,5.14,TO,1715635477
404,de aar,-30.6497,24.0123,17.55,28,0,2.45,ZA,1715635496
405,winnipeg,49.8844,-97.147,12.25,54,100,3.6,CA,1715635225
406,ganganagar,29.9167,73.8833,29.86,18,0,2.76,IN,1715635496
407,mendota,36.7536,-120.3816,31.15,17,10,3.81,US,1715635496
408,mossel bay,-34.1831,22.146,10.96,85,49,3.83,ZA,1715635497
409,san luis de la loma,17.2706,-100.8939,30.15,54,100,5.36,MX,1715635497
410,paharpur,32.1038,70.9724,31.36,26,0,1.61,PK,1715635497
411,ishinomaki,38.4167,141.3,10.7,85,100,3.45,JP,1715635497
412,matane,48.8286,-67.522,13.13,49,19,1.52,CA,1715635498
413,coquimbo,-29.9533,-71.3436,14.85,67,0,5.14,CL,1715635285
414,mugia,43.1041,-9.2179,12.73,85,52,8.23,ES,1715635498
415,sao joao da barra,-21.6403,-41.0511,27.05,75,12,2.82,BR,1715635498
416,turabah,21.2141,41.6331,27.44,44,2,4.52,SA,1715635498
417,sinabang,2.4803,96.3801,26.66,85,100,0.79,ID,1715635499
418,quarai,-30.3875,-56.4514,10.42,81,88,3.75,BR,1715635499
419,vernon,50.2581,-119.2691,22.74,40,100,1.79,CA,1715635350
420,sandnessjoen,66.0217,12.6316,13.06,71,0,1.54,NO,1715635499
421,tromso,69.6496,18.957,9.01,87,0,9.26,NO,1715635500
422,vyaz'ma,55.2104,34.2951,2.7,66,85,0.96,RU,1715635500
423,cambria,35.5641,-121.0808,28.41,76,62,2.94,US,1715635500
424,naliya,23.2667,68.8333,27.62,75,2,1.54,IN,1715635501
425,ingeniero jacobacci,-41.3427,-69.5448,3.77,56,89,2.67,AR,1715635501
426,nogliki,51.8333,143.1667,1.3,88,99,2.68,RU,1715635501
427,lensk,60.7253,114.9278,3.49,68,100,4.76,RU,1715635501
428,illizi,26.4833,8.4667,31.89,17,3,2.85,DZ,1715635502
429,monticello,45.3055,-93.7941,22.17,30,0,4.12,US,1715634861
430,toliara,-23.35,43.6667,21.58,83,0,4.04,MG,1715635502
431,noumea,-22.2763,166.4572,24.44,99,63,2.4,NC,1715635503
432,port blair,11.6667,92.75,28.25,80,100,1.24,IN,1715635503
433,komatipoort,-25.4332,31.9548,20.58,96,9,1.69,ZA,1715635503
434,nar'yan-mar,67.6713,53.087,-4.38,94,83,3.58,RU,1715635504
435,vidra,44.2606,26.1697,14.0,60,76,2.31,RO,1715635504
436,puerto baquerizo moreno,-0.9,-89.6,27.55,69,40,4.12,EC,1715635208
437,nanjing,32.0617,118.7778,13.95,66,0,1.89,CN,1715635505
438,eraan,9.0629,117.7016,26.44,85,57,1.89,PH,1715635505
439,malpica,43.3228,-8.8105,13.52,77,65,5.97,ES,1715635505
440,tynda,55.1667,124.7167,-1.22,84,11,4.87,RU,1715635505
441,orapa,-21.2833,25.3667,18.11,57,0,5.06,BW,1715635506
442,cole harbour,44.6724,-63.4751,13.66,70,20,3.6,CA,1715635506
443,quiberon,47.4841,-3.1196,13.39,87,100,10.97,FR,1715635506
444,les sables-d'olonne,46.6667,-1.8333,14.44,87,100,6.33,FR,1715635506
445,cayeli,41.0923,40.7292,12.06,80,100,3.17,TR,1715635507
446,desaguadero,-16.5656,-69.0417,12.93,50,0,6.08,PE,1715635507
447,galesong,-5.3166,119.3661,23.01,77,4,1.35,ID,1715635507
448,xilin hot,43.9667,116.0333,10.23,57,98,2.27,CN,1715635508
449,marsh harbour,26.5412,-77.0636,25.39,75,31,7.55,BS,1715635508
450,fada,9.5667,8.3,23.53,75,96,1.08,NG,1715635508
451,pitimbu,-7.4706,-34.8086,28.33,80,88,2.67,BR,1715635509
452,malango,-2.9627,119.9001,18.05,98,20,1.22,ID,1715635509
453,grand falls-windsor,48.9332,-55.6649,12.85,59,93,2.81,CA,1715635509
454,murree,33.9073,73.393,13.47,41,0,4.51,PK,1715635510
455,palikir - national government center,6.9248,158.1611,28.41,84,100,4.12,FM,1715635510
456,borogontsy,62.6683,131.1683,2.22,62,98,2.81,RU,1715635510
457,moultonborough,43.7548,-71.3967,20.84,63,97,2.24,US,1715635511
458,fort mcmurray,56.7268,-111.381,19.77,32,75,4.63,CA,1715635511
459,dakhla,23.6848,-15.958,19.01,88,11,9.26,EH,1715635511
460,vadso,70.0744,29.7487,5.49,81,75,3.09,NO,1715635511
461,asentamiento humano nicolas de pierola,-11.95,-76.7,15.16,56,15,3.26,PE,1715635511
462,aykhal,66.0,111.5,-2.95,100,96,2.7,RU,1715635512
463,najran,17.4924,44.1277,28.36,25,0,1.12,SA,1715635512
464,newman,37.3138,-121.0208,31.13,31,9,3.13,US,1715635512
465,dedza,-14.3779,34.3332,13.42,83,63,1.38,MW,1715635512
466,weno,7.4515,151.8468,28.74,81,100,6.82,FM,1715635513
467,darovskoy,58.77,47.9564,-4.47,98,98,1.19,RU,1715635513
468,vyazniki,56.25,42.1667,1.39,70,42,1.8,RU,1715635513
469,ust-nera,64.5667,143.2,-2.84,70,17,2.44,RU,1715635513
470,bereznik,62.8551,42.7072,-1.5,93,100,0.14,RU,1715635513
471,parauapebas,-6.0675,-49.9022,27.99,88,20,0.0,BR,1715635514
472,al jahra',29.3375,47.6581,29.79,42,77,3.01,KW,1715635514
473,crane,31.3974,-102.3501,28.92,18,0,3.03,US,1715635514
474,mogocha,53.7333,119.7667,-0.51,64,1,3.09,RU,1715635514
475,aljezur,37.3191,-8.8033,15.43,88,97,7.71,PT,1715635514
476,howrah,22.5892,88.3103,29.0,84,40,1.54,IN,1715635515
477,recani,31.2846,-4.2688,30.69,10,23,5.48,MA,1715635515
478,salima,-13.7804,34.4587,21.44,71,13,1.16,MW,1715635515
479,manicore,-5.8092,-61.3003,27.48,95,90,0.62,BR,1715635515
480,yanam,16.7333,82.2167,26.88,89,3,1.25,IN,1715635516
481,plettenberg bay,-34.0527,23.3716,15.98,71,23,2.66,ZA,1715635516
482,vielsalm,50.2841,5.915,16.0,96,0,2.67,BE,1715635516
483,la mira,18.035,-102.3266,30.78,45,88,5.99,MX,1715635516
484,barakani,-12.1356,44.4317,26.84,74,33,4.86,KM,1715635517
485,tazacorte,28.629,-17.9293,18.97,92,75,5.66,ES,1715635517
486,tazovsky,67.4667,78.7,-1.26,95,100,4.09,RU,1715635517
487,bir el ater,34.7449,8.0602,22.3,33,100,3.28,DZ,1715635517
488,quila,24.4228,-107.22,33.92,29,0,6.46,MX,1715635518
489,ujae,8.9322,165.7642,27.83,83,84,8.54,MH,1715635518
490,naze,28.3667,129.4833,18.51,84,100,3.03,JP,1715635518
491,nguti,5.3299,9.4185,24.99,95,99,0.18,CM,1715635518
492,valentin gomez farias,28.2167,-106.5833,26.02,5,0,1.66,MX,1715635518
493,dryden,49.7833,-92.7503,12.16,47,0,3.09,CA,1715635519
494,haiku-pauwela,20.9219,-156.3051,26.79,79,40,8.75,US,1715635519
495,yaren,-0.5472,166.916,29.37,67,93,4.4,NR,1715635519
496,kimbe,-5.5502,150.1429,26.13,88,100,2.36,PG,1715635520
497,kourou,5.1552,-52.6478,26.03,97,100,3.42,GF,1715635520
498,carnarvon,-24.8667,113.6333,21.85,67,2,3.67,AU,1715635520
499,onokhoy,51.932,108.0747,-1.14,49,0,1.24,RU,1715635520
500,puerto cabezas,14.0351,-83.3888,31.98,70,40,3.09,NI,1715635521
501,tabou,4.423,-7.3528,27.57,83,88,4.57,CI,1715635521
502,las tablas,7.7667,-80.2833,31.05,65,100,2.44,PA,1715635521
503,novo aripuana,-5.1206,-60.3797,26.91,95,87,1.32,BR,1715635521
504,seven pagodas,12.6264,80.1722,31.16,74,76,3.28,IN,1715635521
505,gurupi,-11.7292,-49.0686,28.92,46,19,1.8,BR,1715635450
506,palmer,42.1584,-72.3287,21.95,38,75,4.12,US,1715635522
507,shingu,33.7333,135.9833,12.27,52,100,2.1,JP,1715635522
508,berezovyy,51.6667,135.7,4.58,77,100,0.72,RU,1715635522
509,nadvoitsy,63.8667,34.3167,1.73,99,100,1.79,RU,1715635523
510,totana,37.7688,-1.5023,20.14,56,71,1.87,ES,1715635523
511,inyonga,-6.7167,32.0667,19.39,79,99,2.04,TZ,1715635523
512,shijiazhuang,38.0414,114.4786,15.92,19,0,0.97,CN,1715635523
513,kailua-kona,19.6406,-155.9956,28.98,71,40,4.12,US,1715635523
514,rifle,39.5347,-107.7831,21.88,27,20,9.26,US,1715635524
515,coruripe,-10.1256,-36.1756,25.89,83,68,2.27,BR,1715635524
516,kismayo,-0.3582,42.5454,27.08,86,100,6.73,SO,1715635524
517,kralendijk,12.15,-68.2667,30.99,66,20,11.32,BQ,1715635249
518,ramapuram,13.1167,79.2,27.15,78,67,1.62,IN,1715635525
519,ambodifotatra,-16.9833,49.85,25.63,79,100,6.2,MG,1715635525
520,prince george,53.9166,-122.753,14.03,49,75,4.12,CA,1715635286
521,dzerzhinskoye,56.8344,95.2283,10.97,53,75,2.67,RU,1715635525
522,andergrove,-21.0833,149.1833,20.91,87,20,6.57,AU,1715635526
523,zaozersk,69.4005,32.4476,2.19,95,97,3.38,RU,1715635526
524,balao,-2.9167,-79.8167,28.05,71,100,1.15,EC,1715635526
525,tadine,-21.55,167.8833,23.95,79,12,5.21,NC,1715635526
526,komsomol'skiy,43.9783,46.6985,8.22,78,96,2.54,RU,1715635527
527,puerto el triunfo,13.2833,-88.55,30.76,70,93,4.26,SV,1715635527
528,island harbour,50.724,-1.2758,14.96,94,100,4.02,GB,1715635527
529,balfour,-26.6633,28.5902,12.6,55,5,2.09,ZA,1715635527
530,san pedro pochutla,15.7333,-96.4667,32.84,37,85,4.13,MX,1715635527
531,stephenville,32.2207,-98.2023,28.85,46,0,4.12,US,1715635528
532,viedma,-40.8135,-62.9967,8.56,59,98,3.72,AR,1715635239
533,puerto aysen,-45.4,-72.7,4.2,96,9,0.55,CL,1715635285
534,extrema,-22.8547,-46.3183,18.83,56,1,2.28,BR,1715635529
535,port-gentil,-0.7193,8.7815,27.98,89,40,3.09,GA,1715635529
536,wynyard,-41.0,145.7167,12.21,63,35,6.25,AU,1715635529
537,medvezh'yegorsk,62.9167,34.4667,3.22,99,100,1.58,RU,1715635529
538,port erin,54.0849,-4.751,12.93,94,100,7.72,IM,1715635529
539,kruisfontein,-34.0033,24.7314,18.27,96,15,3.2,ZA,1715635530
540,zeya,53.75,127.2667,3.6,87,100,3.03,RU,1715635530
541,cabedelo,-6.9811,-34.8339,28.37,80,99,3.44,BR,1715635530
542,northam,51.0333,-4.2167,12.56,94,100,5.17,GB,1715635530
543,rio grande,-32.035,-52.0986,15.06,65,64,8.66,BR,1715635531
544,manturovo,58.3353,44.7619,-2.34,87,67,1.7,RU,1715635531
545,saint-philippe,-21.3585,55.7679,22.77,76,28,3.96,RE,1715635531
546,port augusta,-32.5,137.7667,13.81,50,100,2.09,AU,1715635531
547,bodaybo,57.8506,114.1933,0.48,90,84,1.56,RU,1715635531
548,bayanhongor,46.7167,100.1167,7.13,54,100,2.55,MN,1715635532
549,prieska,-29.6641,22.7474,20.32,32,19,1.84,ZA,1715635532
550,abasolo,20.45,-101.5167,34.77,10,1,4.0,MX,1715635532
551,songjianghe,42.1859,127.479,11.03,54,100,3.83,CN,1715635532
552,hadibu,12.65,54.0333,28.75,69,87,2.79,YE,1715635533
553,sterlitamak,53.6246,55.9502,2.45,76,54,2.92,RU,1715635533
554,ancud,-41.8697,-73.8203,7.81,67,16,3.18,CL,1715635533
555,nagqu,31.5,92.0,1.83,95,100,1.8,CN,1715635533
556,masterton,-40.9597,175.6575,9.38,83,58,1.31,NZ,1715635512
557,le port,-20.9373,55.2919,23.0,72,67,1.62,RE,1715635534
558,kabalo,-6.05,26.9167,21.91,91,65,2.11,CD,1715635534
559,zapata,26.9073,-99.2714,39.06,27,0,0.0,US,1715635291
560,san andres,12.5847,-81.7006,31.01,70,20,5.66,CO,1715635329
561,taulaga,-11.0553,-171.0883,29.66,73,91,7.98,AS,1715635535
562,borzya,50.3833,116.5167,4.57,35,4,7.91,RU,1715635535
563,kalmunai,7.4167,81.8167,27.3,83,100,1.0,LK,1715635536
564,qandala,11.472,49.8728,31.14,65,15,3.52,SO,1715635536
565,lubuklinggau,-3.3,102.8667,22.91,98,98,0.82,ID,1715635536
566,cockburn town,21.4612,-71.1419,26.7,84,9,7.5,TC,1715635536
567,la ronge,55.1001,-105.2842,14.12,41,40,6.69,CA,1715635536
568,ibiza,38.9088,1.433,20.12,85,20,2.57,ES,1715635537
569,el calafate,-50.3408,-72.2768,2.49,60,100,2.8,AR,1715635313
570,ifo,6.8144,3.1958,26.15,90,99,1.21,NG,1715635537
571,lingdong,46.5669,131.1453,11.3,91,100,2.29,CN,1715635537
572,blackfoot,43.1905,-112.345,23.36,29,64,7.78,US,1715635538
573,oruro,-17.9833,-67.15,19.27,40,20,3.09,BO,1715635538
574,beichengqu,40.4394,113.1536,15.4,37,3,6.34,CN,1715635538
575,douz,33.4663,9.0203,30.92,18,73,2.42,TN,1715635538
576,vanimo,-2.6741,141.3028,25.72,94,100,0.91,PG,1715635538
577,targuist,34.9377,-4.3186,16.86,61,99,1.97,MA,1715635539
578,mbaiki,3.8678,17.9892,20.67,99,100,1.31,CF,1715635539
579,iwaki,37.05,140.8833,12.34,84,100,2.54,JP,1715635539
